,FSV,M,l,max_delta,max_ll,max_mu_hat,max_s2_t_hat,model,n,s2_FSV,s2_logdelta,time,BIC,max_ll_null,LLR,pval,qval,spatially_variable
gene_0,0.96648863847463,4,5.9829737238226635,0.03188824592203389,-39.95305856187133,-17.99794170677334,23.356998904574493,SE,225,8.132018701066115e-06,0.006014882545729803,0.002195596694946289,101.57051873256034,-232.79300043168553,192.8399418698142,0.0,0.0,1
gene_1,0.6923551120688652,4,16.509033696538385,0.26031379322225673,-129.80041968067533,10.895562503789922,2.663268679989454,SE,225,0.0016776774458863376,0.04059673611715563,0.001880645751953125,281.26524097016835,-243.07846044802181,113.27804076734648,0.0,0.0,1
gene_2,0.982502193546917,4,5.9829737238226635,0.016378924854617734,-35.87375657607669,-9.660818528486903,7.766898677878448,SE,225,2.309170151299405e-06,0.00587038664969673,0.002142667770385742,93.41191476097106,-258.34375070295704,222.46999412688035,0.0,0.0,1
gene_3,0.8653701710276785,4,16.509033696538385,0.09114141227242482,-101.28549510724326,-8.273837307740296,2.4922277275007843,SE,225,0.00030035275718093567,0.020333688073589706,0.0021364688873291016,224.2353918233042,-271.8646223242066,170.57912721696334,0.0,0.0,1
gene_4,0.8580143097397366,4,9.938466421540705,0.13263086063094798,7.328942519723739,28.17644727849293,26.390511575809324,SE,225,0.0002597845266804096,0.01624990497339355,0.0018744468688964844,7.006516569370202,-179.80432836665247,187.1332708863762,0.0,0.0,1
gene_5,0.7752910945425222,4,16.509033696538385,0.16979772605058968,-98.22667366968415,-15.96388124371871,5.266215527482576,SE,225,0.0016734504784030107,0.05646074418663182,0.001856088638305664,218.11774894818598,-227.183920690732,128.95724702104786,0.0,0.0,1
gene_6,0.8947000554673429,4,9.938466421540705,0.09432899768107689,29.558525136834305,4.422927658851424,0.952868717735003,SE,225,7.053478600351931e-05,0.006991822245725403,0.0018625259399414062,-37.452648664850926,-141.5182194159171,171.0767445527514,0.0,0.0,1
gene_7,0.6352122498522519,4,5.9829737238226635,0.5281492797901428,-207.9984330988648,-12.344718682333605,9.953103879985173,SE,225,0.00043903020680609447,0.009275562503348664,0.0015833377838134766,437.6612678065473,-278.10040327212766,70.10197017326286,1.1102230246251565e-16,7.304098846218135e-16,1
gene_8,0.6857988824105841,4,3.6017603784793164,0.4450186483981587,-174.72633002149715,-1.1917151971002051,0.49385833895689535,SE,225,0.00021962520245914034,0.005215674888635035,0.001589059829711914,371.117061651812,-242.5147745781509,67.78844455665376,2.220446049250313e-16,1.423362852083534e-15,1
gene_9,0.8208112854333597,4,9.938466421540705,0.17496930897946805,-122.37819934319646,20.839532040103553,14.755658462004002,SE,225,0.0002554413940985373,0.011499784135064426,0.001873016357421875,266.4208002952106,-265.3827346956864,143.00453535248994,0.0,0.0,1
gene_10,0.8722907299202642,4,9.938466421540705,0.11734260009957663,-136.7812650395468,18.649239959894075,12.599094651237797,SE,225,0.00014888383937585156,0.010916046695286464,0.0019168853759765625,295.2269316879113,-286.4673084241523,149.68604338460548,0.0,0.0,1
gene_11,0.5389451503400431,4,9.938466421540705,0.6856501381446332,-187.86957192865998,-3.400411560331321,0.7044400215497851,SE,225,0.0011005279956542843,0.020812129426344958,0.0016307830810546875,397.40354546613764,-257.5082070811919,69.63863515253195,1.1102230246251565e-16,7.304098846218135e-16,1
gene_12,0.94014861728095,4,3.6017603784793164,0.06183650488579313,-107.28848965500998,5.041328248146345,4.261535779169619,SE,225,1.7630863779805375e-05,0.0045397781583722315,0.0021762847900390625,236.24138091883765,-272.85244609215044,165.56395643714046,0.0,0.0,1
gene_13,0.9327177626639883,4,5.9829737238226635,0.06634153069363687,-2.451752992254299,15.276447084358416,16.29117250767447,SE,225,3.797609451622533e-05,0.007966344707473266,0.0021276473999023438,26.56790759332628,-239.24803752752874,236.79628453527442,0.0,0.0,1
gene_14,0.5010669603401953,4,3.6017603784793164,0.9671943596186322,-192.62632339570445,-12.242248642784936,19.45971978076672,SE,225,0.00048174270049247534,0.009023479968099964,0.0013818740844726562,406.9170484002266,-221.67759240929342,29.05126901358898,7.048791283992273e-08,3.83086482825667e-07,1
gene_15,0.5106523689858952,4,2.168265886298247,0.9504591577586838,-209.20893214473227,-3.9948252126584545,4.533321401759184,SE,225,0.005554015812658681,0.10410535175187499,0.0013229846954345703,440.08226589828223,-215.67633427477637,6.467402130044093,0.010987102618963185,0.054935513094815924,1
gene_16,0.9898946942946499,4,5.9829737238226635,0.009388490485309417,-16.368975206825553,6.879680222393303,4.752701951653056,SE,225,7.883869071730559e-07,0.005829407761629102,0.00185394287109375,54.40235202246879,-279.0901341151573,262.72115890833174,0.0,0.0,1
gene_17,0.9894003749957389,4,5.9829737238226635,0.009852665553392353,-41.96635568063493,-10.033721104847704,8.859159009994254,SE,225,5.393593834383474e-07,0.003632174500838341,0.0023775100708007812,105.59711297008755,-291.7061804124555,249.7398247318206,0.0,0.0,1
gene_18,0.6276868962237818,4,2.168265886298247,0.5883104730965872,-210.1040517743872,1.9485304513191717,1.4085095332809627,SE,225,0.0032810270887030355,0.06838502752827011,0.0016064643859863281,441.87250515759206,-223.44797202931778,13.343920254930595,0.0002592617926230334,0.0013503218365782989,1
gene_19,0.983143966641609,4,5.9829737238226635,0.015767889738712147,8.69530236326446,6.647856500711949,3.932116319078741,SE,225,1.345484039736106e-06,0.003676245081765313,0.005800962448120117,4.27379688228876,-271.97338134457243,280.66868370783686,0.0,0.0,1
gene_20,0.8723194123592101,4,3.6017603784793164,0.14217282516499635,-116.86002284725461,-36.4052928849976,196.43276829207673,SE,225,4.807503452574791e-05,0.003526029934853302,0.0021848678588867188,255.3844473033269,-241.63425639022685,124.77423354297224,0.0,0.0,1
gene_21,0.9754011279252782,4,16.509033696538385,0.014774347902300575,72.80857493536911,-7.610981262248115,2.5297333806088047,SE,225,1.3904312622142335e-05,0.01841088341830511,0.0031995773315429688,-123.95274826192053,-258.12077540719065,330.92935034255976,0.0,0.0,1
gene_22,0.9730537767760313,4,16.509033696538385,0.016223234339459058,70.23190805825212,-11.272709280097775,3.8649922644902683,SE,225,1.569123904550985e-05,0.017480521929920917,0.0033020973205566406,-118.79941450768655,-244.89834946282895,315.13025752108103,0.0,0.0,1
gene_23,0.810437019297749,4,5.9829737238226635,0.21511444235395796,-81.43456002754017,6.67095944821017,3.214569996792009,SE,225,0.00011507531219005849,0.004806775883000883,0.0018668174743652344,184.53352166389803,-240.564817903489,159.13025787594881,0.0,0.0,1
gene_24,0.6415927314758607,4,3.6017603784793164,0.5426060494117614,-207.21599436513196,-14.651500233194891,29.825129733006708,SE,225,0.00030787042398693217,0.0065845688211294585,0.0018763542175292969,436.0963903390816,-251.14656804469342,43.93057367956146,3.402322867884777e-11,2.0251921832647484e-10,1
gene_25,0.664743176038265,4,9.938466421540705,0.4042204491249384,-130.87862954409985,-18.189861608728577,10.564978944645581,SE,225,0.0007184051761622503,0.016157278789293444,0.001852273941040039,283.4216606970174,-220.95870889364443,90.08007934954458,0.0,0.0,1
gene_26,0.9843517758588716,4,5.9829737238226635,0.014620089785516903,-11.350972531979352,7.675676586448214,5.182240683305214,SE,225,1.3138196861653356e-06,0.004144692084982796,0.002143383026123047,44.36634667277639,-296.2451076022865,284.89413507030713,0.0,0.0,1
gene_27,0.9889179824444077,4,5.9829737238226635,0.010306088566992841,7.4690238246916465,9.67244812037918,7.721959877546104,SE,225,9.030499440198546e-07,0.005574517368113423,0.002413511276245117,6.7263539594343875,-236.22351685422564,243.69254067891728,0.0,0.0,1
gene_28,0.9018284827214706,4,5.9829737238226635,0.10011447315409011,-3.106316443597393,-3.0465509960829333,0.8893833487725255,SE,225,4.144312101420433e-05,0.004600008540887392,0.0019125938415527344,27.877034496012467,-152.69209071636072,149.58577427276333,0.0,0.0,1
gene_29,0.44369530334491825,4,3.6017603784793164,1.2178537924796295,-151.40802890998202,2.154256661906383,0.696595605791382,SE,225,0.0006355223102312506,0.012145521080334927,0.001590728759765625,324.4804594287817,-173.71892178819914,22.310892878217118,2.318874959272854e-06,1.2334441272727948e-05,1
gene_30,0.7127934136171898,4,9.938466421540705,0.3229425414484913,-156.16881609874773,7.067568646250988,2.096738013605922,SE,225,0.000551533406429102,0.014237309666762897,0.0021123886108398438,334.00203380631314,-314.0279974565565,157.85918135780875,0.0,0.0,1
gene_31,0.9594968370381529,4,5.9829737238226635,0.03882225005591507,-61.13923223371228,0.9662209302137549,0.9108827508140422,SE,225,9.119239319978089e-06,0.0047487640440624064,0.0021352767944335938,143.94286607624224,-229.33571376066163,168.19648152694936,0.0,0.0,1
gene_32,0.4415493405658909,4,5.9829737238226635,1.1631638017542119,-196.20364373427114,-8.075902260606316,4.014328776946922,SE,225,0.000916985352450683,0.017552199164710174,0.0015878677368164062,414.07168907735996,-234.37153831773617,38.16789458346503,6.491170934097568e-10,3.773936589591609e-09,1
gene_33,0.5453989092264246,4,3.6017603784793164,0.8096241728317294,-156.3463151413006,-14.179378037577377,26.618735849793747,SE,225,0.0004951167055855003,0.009395574922439648,0.001596689224243164,334.3570318914189,-187.13419490917417,30.787879767873562,2.8782999428322853e-08,1.5990555237957142e-07,1
gene_34,0.8522099249146912,4,5.9829737238226635,0.1594901963520648,-154.35649969232924,-4.950591908700929,2.345436749581975,SE,225,0.00015404222946313338,0.009086565889169344,0.001847982406616211,330.37740099347616,-269.63598576174127,115.27948606941203,0.0,0.0,1
gene_35,0.7125998347494559,4,9.938466421540705,0.32324799353178274,-69.9661001455084,0.7981614632686492,0.26738290680606464,SE,225,0.0005382686223976766,0.013885752214734443,0.001847982406616211,161.5966018998345,-198.37097388711166,128.40487374160324,0.0,0.0,1
gene_36,0.5118499553180518,4,5.9829737238226635,0.8770936652382586,-183.97530853280074,-11.50478575464367,8.16957409336177,SE,225,0.0005413189675205342,0.010148289976068415,0.0015723705291748047,389.61501867441916,-235.82382304476772,51.84851451196698,5.995204332975845e-13,3.655612398156003e-12,1
gene_37,0.9521505977740922,4,5.9829737238226635,0.04621747158056516,-132.5824189897165,-20.35585216391106,30.012318942965326,SE,225,1.9768944111014964e-05,0.007595344007597599,0.0021240711212158203,286.8292395882507,-277.02551449578476,144.44309550606826,0.0,0.0,1
gene_38,0.9315503702826471,4,9.938466421540705,0.05889240661122668,153.56150724695857,0.9006346173965096,0.17537885914276075,SE,225,2.8186644719175512e-05,0.0057389084019779345,0.002036571502685547,-285.45861288509946,-51.76114226498885,205.32264951194742,0.0,0.0,1
gene_39,0.2379194200563148,4,3.6017603784793164,3.111274002399348,-226.5945134566643,-10.114662784186274,10.222034630925227,SE,225,0.0013000188866302467,0.04102092923186002,0.0029184818267822266,474.85342852214626,-233.67246549853206,7.077952041867775,0.007803814886092386,0.03981538207189993,1
gene_40,0.9025743007987688,4,9.938466421540705,0.08651374443751307,47.81441616430422,23.43919645793339,18.736818374328593,SE,225,6.075281966652315e-05,0.006827505148778173,0.0021371841430664062,-73.96443071979076,-190.40445460440492,238.21887076870914,0.0,0.0,1
gene_41,0.8802595368431501,4,9.938466421540705,0.10902465882502782,-79.50867600749581,9.32657070198721,3.5849765610178745,SE,225,0.00011320314408101396,0.009163863602514385,0.0021436214447021484,180.6817536238093,-303.77550550256814,224.26682949507233,0.0,0.0,1
gene_42,0.9033456314585637,4,5.9829737238226635,0.0984017562888929,-55.285948792710954,-16.72074043921202,19.288825812483516,SE,225,5.5460936839709813e-05,0.006314070350222407,0.0018644332885742188,132.2362991942396,-233.22819260252504,177.9422438098141,0.0,0.0,1
gene_43,0.9730830013167279,4,3.6017603784793164,0.026868536110928674,-76.08588243390321,-6.443945993113098,6.747233123385628,SE,225,3.99877182896723e-06,0.0044639042426960485,0.0021550655364990234,173.8361664766241,-272.82078675757487,196.73490432367166,0.0,0.0,1
gene_44,0.8100522853852413,4,5.9829737238226635,0.21565341094565305,-71.061536409311,-11.808958965380729,9.402330372119666,SE,225,0.00011375332710262697,0.004738928541660288,0.0019180774688720703,163.7874744274397,-190.53944295240348,119.47790654309247,0.0,0.0,1
gene_45,0.7011107245380538,4,5.9829737238226635,0.3920658652222483,-168.58592781843402,-10.116722168032751,6.907920378425581,SE,225,0.00040907034881397134,0.010164838247231935,0.0015902519226074219,358.8362572456857,-258.55189984898396,89.96597203054995,0.0,0.0,1
gene_46,0.9227319529934807,4,5.9829737238226635,0.07701222767618178,-134.9628704752917,3.1118003121457787,1.6823806730634447,SE,225,2.6574175476798233e-05,0.004394112696939924,0.0021326541900634766,291.5901425594011,-287.5886837232454,152.62581324795372,0.0,0.0,1
gene_47,0.6423633751219213,4,5.9829737238226635,0.5120313202790242,-165.33065510140358,-10.844435769713622,7.663986413885334,SE,225,0.0005406924769360658,0.011581677347388164,0.0015749931335449219,352.32571181162484,-220.90600761263494,55.57535251123136,8.992806499463768e-14,5.620504062164855e-13,1
gene_48,0.9096486346962336,4,9.938466421540705,0.0796077939558078,-17.82332458817848,-22.124682904269175,17.041087354809033,SE,225,5.650556517461492e-05,0.007186552683282271,0.002197265625,57.31105078517464,-267.66414223527653,249.84081764709805,0.0,0.0,1
gene_49,0.5524756172690711,4,3.6017603784793164,0.7868117634949634,-207.1038977888165,7.293552660550433,7.294696426536512,SE,225,0.0004096309893818047,0.007807706250166856,0.0015861988067626953,435.8721971864507,-244.98302127608713,37.87912348727062,7.526635981136565e-10,4.2764977165548664e-09,1
gene_50,2.0589420011371183e-09,4,1.3052997589111328,485165195.4097903,-157.00624585498008,-5.156773932272937,5.5298090349410334e-08,SE,225,4.440680726758405,7.584673311963167e+17,0.0017390251159667969,335.67689331877784,-157.007360268227,0.0011144132469098622,0.9733693028041327,0.9733694052073731,0
gene_51,2.058942001137118e-09,4,1.3052997589111328,485165195.4097903,-164.18036343932954,-2.6090533356271313,1.454992351938493e-08,SE,225,1.943246949741275,3.319061690124147e+17,0.001623392105102539,350.02512848747676,-164.18147785203442,0.0011144127048794417,0.9733693092780725,0.9733694052073731,0
gene_52,0.2428586824977826,4,2.168265886298247,3.092179040665256,-164.73913628770515,-4.235663642873123,3.122184545316676,SE,225,0.012427970542309515,0.3830676819988914,0.002894878387451172,351.142674184228,-166.1443555721728,1.4052192844676483,0.23585164329566344,0.9359192194272359,0
gene_53,0.012910333737771314,4,5.9829737238226635,70.31604686123175,-165.9131232659238,-7.963509083391578,0.7165460020091657,SE,225,0.012578142092321843,57.642680936242336,0.005832195281982422,353.49064814066526,-165.9697992154403,0.05667594951651722,0.8118290427783877,0.9733694052073731,0
gene_54,0.003191312216102486,4,5.9829737238226635,287.2617689129195,-158.14950060203705,-5.4189546944381775,0.09674398678512619,SE,225,0.056752188711802376,4088.763021811065,0.005297660827636719,337.9634028128918,-158.15581347134327,0.006312869306213997,0.9366718629783861,0.9733694052073731,0
gene_55,0.4925396275565545,4,1.3052997589111328,1.0291879866992755,-173.39093568829142,-8.03951243766613,28.691138824138342,SE,225,3.2034550386092278,60.024221517286925,0.0010881423950195312,368.4462729854005,-173.62563617804923,0.2347004897578131,0.6280601792144216,0.9733694052073731,0
gene_56,2.058942001137118e-09,4,1.3052997589111328,485165195.4097903,-162.8766230020683,-10.67335974557073,2.353212126823995e-07,SE,225,0.1935674754972484,3.3061283974355372e+16,0.0021505355834960938,347.4176476129543,-162.87773741130889,0.001114409240585701,0.9733693506551768,0.9733694052073731,0
gene_57,2.058942001137118e-09,4,1.3052997589111328,485165195.4097903,-171.77246999473346,-6.568753988052849,8.94913253290599e-08,SE,225,0.37448389212652594,6.396176976329342e+16,0.0021381378173828125,365.2093415982846,-171.77358440539734,0.0011144106638880658,0.9733693336554182,0.9733694052073731,0
gene_58,0.008563434992134201,4,16.509033696538385,67.82554743655399,-161.8897331182062,-5.356235942356629,0.18717904134272148,SE,225,0.0011758405105946313,12.030154035193897,0.0013279914855957031,345.4438678452301,-162.01834320358498,0.12861008537876728,0.719877525068062,0.9733694052073731,0
gene_59,0.9999545533692937,4,1.3052997589111328,4.5399929762484854e-05,-166.6410069752672,-7.625147696143108,47.55931241749226,SE,225,173.5176140050129,60841243914.81686,0.0016112327575683594,354.9464155593521,-167.89153758175473,1.25053060648753,0.2634511585204866,0.9733694052073731,0
gene_60,0.9999545533692936,4,1.3052997589111328,4.5399929762484854e-05,-180.0562581850303,-6.200840970444497,31.57241798832696,SE,225,2.710970253699656,950559419.5568616,0.0015840530395507812,381.77691797887826,-181.56610781696259,1.5098496319322976,0.2191620326381145,0.9023061842845456,0
gene_61,0.048703839069379085,4,3.6017603784793164,18.972292267641258,-158.50065455937016,-8.777242990685663,2.9462283348004483,SE,225,0.005382838270258488,2.002974407964998,0.0064241886138916016,338.665710727558,-158.91146640976703,0.4108118503968683,0.5215577295566894,0.9733694052073731,0
gene_62,0.014363109185909351,4,9.938466421540705,55.000043090576185,-185.25063032837767,-7.262333434808197,0.5429556623905629,SE,225,0.0017229565930055757,6.417610389757586,0.003398418426513672,392.165662265573,-185.54037709242095,0.2897467640432865,0.5903828555226467,0.9733694052073731,0
gene_63,0.4877850323679999,4,1.3052997589111328,1.0489566657679434,-148.6947705942343,-6.8705094439684595,20.7816695003189,SE,225,3.8592944530286406,72.3555013218391,0.0010433197021484375,319.0539427972863,-148.87038944342595,0.17561884919163617,0.6751656861237665,0.9733694052073731,0
gene_64,0.9999545533692937,4,1.3052997589111328,4.5399929762484854e-05,-152.48759037291455,-7.6188669406357405,47.450685487956186,SE,225,5.66695026594015,1987027688.0015016,0.0016360282897949219,326.6395823546468,-153.96284772503614,1.475257352121588,0.2245180303624018,0.9053146385580718,0
gene_65,2.0589420011371183e-09,4,1.3052997589111328,485165195.4097903,-160.23634302970186,-11.68929210945187,2.821365343167856e-07,SE,225,0.17793716271007212,3.0391629848127028e+16,0.0021347999572753906,342.1370876682214,-160.2374574387256,0.0011144090237564797,0.9733693532449609,0.9733694052073731,0
gene_66,2.0589420011371183e-09,4,1.3052997589111328,485165195.4097903,-159.37429379771038,-3.6437991977441397,2.7864102360932918e-08,SE,225,21.93894057675426,3.747166421638282e+18,0.0016646385192871094,340.41298920423844,-159.3754082115392,0.001114413828815941,0.9733692958539251,0.9733694052073731,0
gene_67,2.0589420011371175e-09,4,1.3052997589111328,485165195.4097903,-173.23232130370207,-8.394358963392438,1.458025657136298e-07,SE,225,2.3072361089898212,3.940754406144203e+17,0.00157928466796875,368.1290442162218,-173.23343571653888,0.0011144128368130168,0.9733693077022751,0.9733694052073731,0
gene_68,2.058942001137118e-09,4,1.3052997589111328,485165195.4097903,-188.91920964177552,-15.062839505818145,4.6830041070908064e-07,SE,225,177.83880163151647,3.0374829796662813e+19,0.0016279220581054688,399.50282089236873,-188.92032405624684,0.0011144144713171045,0.9733692881799801,0.9733694052073731,0
gene_69,0.05943424824519701,4,2.168265886298247,15.696170493477931,-179.74999239709075,-7.223787002233186,2.8370275280536226,SE,225,0.06589131669054528,17.17718785708291,0.004565715789794922,381.1643864029992,-179.85138525617967,0.10139285908891793,0.7501645082825684,0.9733694052073731,0
gene_70,0.5105702822422802,4,1.3052997589111328,0.9575656415163574,-166.43245151027108,-5.9651637538303675,16.367961866341613,SE,225,4.061211640065512,76.12315917437508,0.0010945796966552734,354.52930462935984,-166.79316765361978,0.3607161433486965,0.5481087766158044,0.9733694052073731,0
gene_71,2.0589420011371183e-09,4,1.3052997589111328,485165195.4097903,-175.3243619909249,-17.56839871664276,6.367456468845212e-07,SE,225,179.63514176562927,3.068164431256157e+19,0.0015985965728759766,372.3131255906675,-175.32547640539514,0.0011144144702370795,0.9733692881928798,0.9733694052073731,0
gene_72,0.02482923585531114,4,5.9829737238226635,36.12040650609811,-170.88281408539444,-5.1400166782661145,0.49201560488969137,SE,225,0.004782848409706104,6.221883588078281,0.00510406494140625,363.43002977960657,-171.09622132377532,0.21340723838088138,0.6441098527391701,0.9733694052073731,0
gene_73,2.058942001137118e-09,4,1.3052997589111328,485165195.4097903,-180.08171458000515,-8.564337491926038,1.5177940857289822e-07,SE,225,0.2812057010801411,4.802987441322701e+16,0.002159595489501953,381.827830768828,-180.08282899010925,0.0011144101040940768,0.9733693403415314,0.9733694052073731,0
gene_74,0.05795156111520339,4,5.9829737238226635,14.950076166475347,-167.87054507223763,-4.685095913427262,0.685382997679484,SE,225,0.0015395393618160723,0.4196865800715811,0.005276918411254883,357.40549175329295,-169.37385544358625,1.5033103713486184,0.2201627089654291,0.9023061842845456,0
gene_75,2.058942001137118e-09,4,1.3052997589111328,485165195.4097903,-164.49667281392067,-4.32198710223401,3.902225314071137e-08,SE,225,0.2867801905072806,4.898199603122744e+16,0.0021283626556396484,350.657747236659,-164.49778722406464,0.0011144101439697351,0.9733693398652613,0.9733694052073731,0
gene_76,2.0589420011371183e-09,4,1.3052997589111328,485165195.4097903,-174.31394940459722,-3.4029774755060798,2.4436958602210345e-08,SE,225,65.59059573528273,1.1202859912703416e+19,0.0016317367553710938,370.29230041801213,-174.31506381862752,0.0011144140302974392,0.9733692934474577,0.9733694052073731,0
gene_77,2.058942001137118e-09,4,1.3052997589111328,485165195.4097903,-175.64840559360982,-10.525775064041746,2.2893426289832638e-07,SE,225,0.18517573331675785,3.1627976180491428e+16,0.0021343231201171875,372.96121279603733,-175.64952000273786,0.0011144091280357316,0.9733693519994611,0.9733694052073731,0
gene_78,2.0589420011371187e-09,4,1.3052997589111328,485165195.4097903,-165.03308263085592,-8.535996105700011,1.5070558284349308e-07,SE,225,1.0753956743964557,1.8367735429044237e+17,0.0016217231750488281,351.7305668705295,-165.03419704301245,0.0011144121565394016,0.9733693158273752,0.9733694052073731,0
gene_79,2.058942001137118e-09,4,1.3052997589111328,485165195.4097903,-186.75384086124313,-11.903335395941145,2.9267832236524653e-07,SE,225,635.9272042078807,1.0861623230517097e+20,0.0016624927520751953,395.17208333130395,-186.75495527563527,0.001114414392134222,0.9733692891257294,0.9733694052073731,0
gene_80,2.058942001137118e-09,4,1.3052997589111328,485165195.4097903,-179.47346699640775,-6.140740026954142,7.83183407322059e-08,SE,225,2.09746156164973,3.5824599218881856e+17,0.0016202926635742188,380.6113356016332,-179.47458140917422,0.001114412766469286,0.9733693085424515,0.9733694052073731,0
gene_81,0.007037734728251167,4,5.9829737238226635,129.75830454206928,-178.27394731438017,-12.697200729457379,1.0875213458131747,SE,225,0.011911399617862436,179.29783393125092,0.004983663558959961,378.212296237578,-178.29777515361204,0.023827839231870485,0.8773237722105311,0.9733694052073731,0
gene_82,2.058942001137118e-09,4,1.3052997589111328,485165195.4097903,-180.54576365802404,-2.2060625391953304,1.0631680607370707e-08,SE,225,0.3106915591413888,5.3066052748901496e+16,0.0015931129455566406,382.75592892486577,-180.54687806833132,0.0011144103072808775,0.9733693379146922,0.9733694052073731,0
gene_83,0.4685913823928906,4,1.3052997589111328,1.1328386229584217,-168.34341714754015,-2.9542398091689064,3.8095249857137023,SE,225,2.1629361639795537,40.76631858959324,0.0011103153228759766,358.351235903898,-168.45258416854455,0.10916702100439579,0.7410944705313514,0.9733694052073731,0
gene_84,2.058942001137118e-09,4,1.3052997589111328,485165195.4097903,-180.8279304556495,0.36709514676280175,8.799067850482678e-10,SE,225,0.3397981826216627,5.803745789815991e+16,0.0015897750854492188,383.32026252011667,-180.82904486613276,0.0011144104832681023,0.9733693358127216,0.9733694052073731,0
gene_85,0.1236673804594547,4,2.168265886298247,7.028378415882043,-154.25370766633347,-7.784538131134101,6.197735891314581,SE,225,0.02390760865718616,1.8412923873167704,0.0039825439453125,330.1718169414846,-154.66649876144538,0.41279109511191336,0.5205562444948797,0.9733694052073731,0
gene_86,0.013316926266878835,4,5.9829737238226635,68.14107701200666,-157.22929858395798,-6.5106375534376495,0.4919689558567905,SE,225,0.014034849276626347,60.55201261755662,0.005062103271484375,336.12299877673365,-157.2918067812398,0.06250819728182933,0.8025746705657124,0.9733694052073731,0
gene_87,0.0050054910183151636,4,9.938466421540705,159.31935488743196,-172.2042625678256,-7.099953807379726,0.24901568926873785,SE,225,0.005046001336250618,148.8929691688323,0.0038521289825439453,366.0729267444689,-172.2411710587725,0.03690849094689952,0.8476514777540398,0.9733694052073731,0
gene_88,0.03616591654501807,4,2.168265886298247,26.432858093316412,-157.40593726569386,-6.125914096330247,1.2916254923181518,SE,225,0.21664629929264095,139.0599253553513,0.003170490264892578,336.4762761402054,-157.4490701318939,0.04313286620003964,0.8354752934491009,0.9733694052073731,0
gene_89,2.058942001137118e-09,4,1.3052997589111328,485165195.4097903,-171.85673868833373,-5.9836861730986355,7.43545702473232e-08,SE,225,0.25202436563782676,4.304570847661546e+16,0.0015819072723388672,365.37787898548515,-171.85785309820002,0.001114409866289634,0.9733693431818401,0.9733694052073731,0
gene_90,2.058942001137118e-09,4,1.3052997589111328,485165195.4097903,-158.22318550508317,-9.771675728195415,1.9730312411592435e-07,SE,225,87.14101279944308,1.488366660036478e+19,0.0016548633575439453,338.110772618984,-158.22429991914888,0.0011144140657108892,0.9733692930244844,0.9733694052073731,0
gene_91,0.47835161042888596,4,1.3052997589111328,1.0893423366505668,-157.52255126912388,-8.779396680701439,33.284065862600826,SE,225,6.608112085599868,124.14099184044571,0.0010371208190917969,336.70950414706545,-157.5637443925668,0.04119312344292325,0.8391656001042519,0.9733694052073731,0
gene_92,0.024701122341913,4,3.6017603784793164,38.35202463942134,-157.01880072469896,-5.766874988199398,0.7337875388570174,SE,225,0.02289974679212407,30.08383742345493,0.005600452423095703,335.7020030582156,-157.12606702445612,0.10726629975715696,0.7432781404315428,0.9733694052073731,0
gene_93,2.058942001137118e-09,4,1.3052997589111328,485165195.4097903,-175.64953840254339,-8.408711299361336,1.4631186448593116e-07,SE,225,17.443493131892186,2.979344946545027e+18,0.001596212387084961,372.96347841390445,-175.65065281631365,0.0011144137702672197,0.973369296553223,0.9733694052073731,0
gene_94,0.047034514113910804,4,2.168265886298247,20.09563945236939,-158.17470917834464,-11.222171189931341,5.508468511894847,SE,225,0.08765921839060271,34.74360974830323,0.0044879913330078125,338.01381996550697,-158.24498947922382,0.07028030087917614,0.7909290989178588,0.9733694052073731,0
gene_95,2.058942001137118e-09,4,1.3052997589111328,485165195.4097903,-164.31762801848117,-9.296917003836699,1.7867095822244722e-07,SE,225,0.18944126234693937,3.2356527638867464e+16,0.002148151397705078,350.29965764578003,-164.31874242766736,0.001114409186186549,0.9733693513049142,0.9733694052073731,0
gene_96,0.47450210365944767,4,1.3052997589111328,1.1062838989477557,-157.4462491535661,-10.238588387647496,44.898222047935064,SE,225,3.0474221609450107,57.31491917360528,0.0010633468627929688,336.5568999159499,-157.55816756963657,0.11191841607046626,0.7379705285076453,0.9733694052073731,0
gene_97,2.058942001137118e-09,4,1.3052997589111328,485165195.4097903,-166.03511797906003,-8.880047738890385,1.6306073470329238e-07,SE,225,2.2579819247765407,3.85662836342875e+17,0.0015985965728759766,353.73463756693775,-166.03623239188116,0.0011144128211242332,0.9733693078896599,0.9733694052073731,0
gene_98,2.058942001137118e-09,4,1.3052997589111328,485165195.4097903,-173.810442731487,-5.795142827927127,6.978685932053153e-08,SE,225,0.4009623433641215,6.848428364801734e+16,0.0016121864318847656,369.2852870717917,-173.81155714227316,0.0011144107861582597,0.9733693321950376,0.9733694052073731,0
gene_99,0.00817721204394119,4,16.509033696538385,71.05672772492359,-182.63298127767644,-4.961806795484671,0.15828683127182805,SE,225,0.0007710914970612234,8.638151201419552,0.0021209716796875,386.93036416417056,-182.8821561231864,0.2491748455099696,0.6176566942493003,0.9733694052073731,0
gene_100,2.058942001137118e-09,4,1.3052997589111328,485165195.4097903,-159.79860759558005,-10.069176790636345,2.0947638933920673e-07,SE,225,0.7446724274880815,1.2718989349740214e+17,0.0016036033630371094,341.2616167999778,-159.79972200730322,0.0011144117231651762,0.9733693210035421,0.9733694052073731,0
gene_101,2.0589420011371183e-09,4,1.3052997589111328,485165195.4097903,-146.96244710313294,-11.497984233750898,2.729376383637214e-07,SE,225,2.3540416198170933,4.020698119882788e+17,0.00165557861328125,315.5892958150836,-146.96356151598465,0.0011144128517059926,0.9733693075243954,0.9733694052073731,0
gene_102,0.5237163525988572,4,1.3052997589111328,0.908454725283156,-166.22360105284207,-4.778773822121359,10.794559354992863,SE,225,3.5474676957872577,66.68270915796869,0.0010409355163574219,354.1116037145018,-166.69557806019702,0.4719770073549512,0.4920790560001326,0.9733694052073731,0
gene_103,2.058942001137118e-09,4,1.3052997589111328,485165195.4097903,-175.18931410751793,-8.081654501085966,1.3519312534667885e-07,SE,225,0.2660932451203386,4.54486701238521e+16,0.002194643020629883,372.04302982385354,-175.1904285175035,0.0011144099855755485,0.973369341757103,0.9733694052073731,0
gene_104,0.046249251416913544,4,9.938466421540705,16.528168272114403,-184.4269716373281,-10.62164408979338,1.9980137571807155,SE,225,0.0029936914764654337,1.2233537888396222,0.003431081771850586,390.5183448834739,-185.23671548347136,0.8097438461432489,0.36819599349117194,0.9733694052073731,0
gene_105,2.0589420011371175e-09,4,1.3052997589111328,485165195.4097903,-144.06675004071076,-2.9541382277120345,1.8421849636137896e-08,SE,225,0.5502634324660414,9.398487816576355e+16,0.0016777515411376953,309.7979016902392,-144.06786445201197,0.001114411301216478,0.973369326043245,0.9733694052073731,0
gene_106,2.058942001137118e-09,4,1.3052997589111328,485165195.4097903,-154.99552564842952,-7.3970144227687555,1.1325632327340335e-07,SE,225,0.6815951181727841,1.1641630237495685e+17,0.0022449493408203125,331.6554529056767,-154.99664006003457,0.0011144116050445518,0.97336932241436,0.9733694052073731,0
gene_107,0.020272146915542612,4,5.9829737238226635,44.44685340066322,-169.42024430329684,-5.054162384539839,0.41183276962994014,SE,225,0.00708127944218996,13.5648573669267,0.005370616912841797,360.50489021541136,-169.57113219314584,0.15088788984900248,0.6976882989617126,0.9733694052073731,0
gene_108,0.005219821507449008,4,2.168265886298247,189.02219017128652,-186.58745175759861,-4.706534873142267,0.11708151921534325,SE,225,7.951657996497135,215949.77193173647,0.002378225326538086,394.8393051240149,-186.59007239010577,0.0026206325071598258,0.9591724359462382,0.9733694052073731,0
gene_109,2.058942001137118e-09,4,1.3052997589111328,485165195.4097903,-167.34459380784074,-8.595169249763199,1.5280584719610798e-07,SE,225,0.6807498600080115,1.1627193245875373e+17,0.0016586780548095703,356.35358922449916,-167.34570821944408,0.0011144116033392493,0.973369322434728,0.9733694052073731,0
gene_110,0.014844545698428182,4,2.168265886298247,65.8232278451363,-166.8123943637255,-7.190353820629159,0.7570105992606613,SE,225,1.1805723955843765,4124.898380135679,0.0028896331787109375,355.2891903362687,-166.81813722620254,0.00574286247703526,0.9395927943185991,0.9733694052073731,0
gene_111,2.058942001137118e-09,4,1.3052997589111328,485165195.4097903,-176.6398592067676,-10.381679627087943,2.2272977996304827e-07,SE,225,0.14793698789090645,2.5267606318715236e+16,0.001623392105102539,374.9441200223529,-176.64097361528093,0.001114408513331,0.9733693593414269,0.9733694052073731,0
gene_112,0.49647371177135446,4,1.3052997589111328,1.0131170951953037,-165.6484058847345,-11.628131580691036,60.29457972604316,SE,225,3.310056185745243,62.004776789521685,0.0010998249053955078,352.9612133782867,-165.90747171949636,0.25906583476185574,0.6107626662855177,0.9733694052073731,0
gene_113,0.02959761170048958,4,9.938466421540705,26.277843998478627,-171.47888237690978,-6.624318738651128,0.656558775813168,SE,225,0.0019760301620637766,1.844313514465638,0.0032312870025634766,364.62216636263724,-172.33233264296723,0.8534502660574503,0.3555781031425366,0.9733694052073731,0
gene_114,0.14792417049269901,4,1.3052997589111328,5.754039719320246,-168.4636288029655,-7.995010284491621,9.180169197621073,SE,225,7.765001579685012,457.4344238803079,0.001608133316040039,358.5916592147487,-168.4675580157844,0.003929212818889027,0.950018589704597,0.9733694052073731,0
gene_115,0.0042528212705216974,4,2.168265886298247,232.2273003434717,-159.48492198518932,-6.70885982927524,0.19251901802549162,SE,225,4.980961389145269,202965.53671065986,0.003936052322387695,340.6342455791963,-159.4867083680056,0.0017863828162774098,0.9662869503293949,0.9733694052073731,0
gene_116,2.0589420011371183e-09,4,1.3052997589111328,485165195.4097903,-172.3267497652173,-5.373520858053863,6.007356963840823e-08,SE,225,33.16105753562885,5.663901630472766e+18,0.001626729965209961,366.3179011392523,-172.32786417913496,0.0011144139176622048,0.9733692947927575,0.9733694052073731,0
gene_117,2.058942001137118e-09,4,1.3052997589111328,485165195.4097903,-176.55929159737116,-7.451104594671753,1.1501283311511421e-07,SE,225,1.2800365101233584,2.1862996585566746e+17,0.0015981197357177734,374.78298480356,-176.5604060097062,0.0011144123350561586,0.9733693136951939,0.9733694052073731,0
gene_118,0.15682748564686605,4,2.168265886298247,5.332557925109381,-169.10440723152408,-7.192833761386639,6.413011576214388,SE,225,0.018269041442088824,0.9894231769628492,0.0031709671020507812,359.87321607186584,-169.73488478608152,0.6304775545574444,0.4271801978690384,0.9733694052073731,0
gene_119,2.0589420011371183e-09,4,1.3052997589111328,485165195.4097903,-155.06539887058034,-4.289622916599725,3.840591440407572e-08,SE,225,7.042770892852421,1.2029037825532221e+18,0.0015974044799804688,331.79519934997836,-155.06651328404496,0.0011144134646201564,0.9733693002038302,0.9733694052073731,0
gene_120,2.058942001137118e-09,4,1.3052997589111328,485165195.4097903,-169.88509070668533,-10.272630180865516,2.1805355096075602e-07,SE,225,0.1629332423377378,2.782896341419189e+16,0.002150297164916992,361.43458302218835,-169.88620511546955,0.0011144087842183126,0.9733693561059783,0.9733694052073731,0
gene_121,0.5276465305015082,4,1.3052997589111328,0.8942475826663355,-168.15550849526122,-7.451892487835928,26.232495527338024,SE,225,3.832932860713235,72.14053457982229,0.0010554790496826172,357.9754185993401,-168.65247326615017,0.4969647708889511,0.4808368201119081,0.9733694052073731,0
gene_122,0.016696674913308087,4,2.168265886298247,58.41156423371362,-166.27395421746087,-3.0429489465902675,0.15553571907048291,SE,225,0.8663751400302532,2411.0107632005356,0.0031540393829345703,354.2123100437394,-166.28251983915047,0.008565621689598402,0.9262605558174808,0.9733694052073731,0
gene_123,0.5029977339572888,4,1.3052997589111328,0.9870203169547503,-197.34627455568216,-6.402266366937734,18.62493200913961,SE,225,3.113713845852159,58.32557890082456,0.0010421276092529297,416.356950720182,-197.67886274934432,0.3325881936621613,0.5641390256303596,0.9733694052073731,0
gene_124,1.8955955119079496e-09,4,5.9829737238226635,485165195.4097903,-163.0215678837758,-6.653702530668549,9.176489020792083e-08,SE,225,3.2508441963896497,6.55058924168825e+17,0.0010418891906738281,347.70753737636926,-163.022682296945,0.0011144131692049086,0.9733693037322304,0.9733694052073731,0
gene_125,2.058942001137118e-09,4,1.3052997589111328,485165195.4097903,-165.7686754763672,-6.0561479283898505,7.612348871506436e-08,SE,225,0.4756641863224264,8.124334266404155e+16,0.0016252994537353516,353.2017525615521,-165.76978988744148,0.0011144110742691282,0.9733693287538763,0.9733694052073731,0
gene_126,0.9999545533692936,4,1.3052997589111328,4.5399929762484854e-05,-178.85406995243716,-6.678826952796108,36.57746069028742,SE,225,68.93361515950512,24170496568.360626,0.0010912418365478516,379.372541513692,-179.50289531892773,0.6488253664905699,0.4205329549467831,0.9733694052073731,0
gene_127,2.058942001137118e-09,4,1.3052997589111328,485165195.4097903,-163.1801999457184,-7.869558907529462,1.2816188170083535e-07,SE,225,0.2202416283125768,3.761722364726524e+16,0.0016078948974609375,348.0248015002545,-163.1813143552758,0.0011144095573740742,0.9733693468714922,0.9733694052073731,0
gene_128,0.005893574621136358,4,2.168265886298247,167.29979718529637,-160.25272966628108,-10.444956081737898,0.6427184744816536,SE,225,2.6875072939697735,57413.199280635854,0.004247903823852539,342.16986094137985,-160.25555671839692,0.0028270521158333395,0.9575964342289949,0.9733694052073731,0
gene_129,2.058942001137118e-09,4,1.3052997589111328,485165195.4097903,-179.41355475059345,-11.47021929709805,2.717722191533077e-07,SE,225,0.28165464245921956,4.810655350605199e+16,0.0016224384307861328,380.4915111100046,-179.41466916069925,0.0011144101057993794,0.9733693403211635,0.9733694052073731,0
gene_130,2.058942001137118e-09,4,1.3052997589111328,485165195.4097903,-149.0349464069791,-10.106097064900284,2.1096612033858392e-07,SE,225,2.4078938879817695,4.112677680285786e+17,0.001622915267944336,319.73429442277586,-149.03606081984773,0.0011144128686453314,0.9733693073220742,0.9733694052073731,0
gene_131,0.05241055993444891,4,2.168265886298247,17.93257818666101,-183.29559213439182,-6.476306009921428,2.0375948350638384,SE,225,0.09109691906063529,29.70539172644588,0.0036797523498535156,388.25558587760133,-183.37577712562313,0.08018499123130596,0.7770468728462845,0.9733694052073731,0
gene_132,0.07941354696487693,4,3.6017603784793164,11.259970265679822,-148.0442844402088,-3.9533789243576742,0.8637128358664551,SE,225,0.002846545892546072,0.44930895556425476,0.0059888362884521484,317.7529704892353,-149.1157154917659,1.0714310515571128,0.3006224287686927,0.9733694052073731,0
gene_133,0.9999545533692937,4,1.3052997589111328,4.5399929762484854e-05,-172.5043279877088,-3.0091627988924277,7.640237479901592,SE,225,469.79303665286466,164725598011.01382,0.00109100341796875,366.67305758423527,-173.18362104850053,0.6792930607917356,0.4098302624024771,0.9733694052073731,0
gene_134,2.058942001137118e-09,4,1.3052997589111328,485165195.4097903,-186.4846157179827,-3.1558495725470213,2.11610247671208e-08,SE,225,0.12273576606669781,2.096324294831665e+16,0.0021576881408691406,394.6336330447831,-186.48573012592834,0.0011144079456357758,0.9733693661219182,0.9733694052073731,0
gene_135,1.7511041946775838e-05,4,5.9829737238226635,52518.911609564755,-158.528332593914,-5.779256480304249,0.0006402900932193867,SE,225,6.0242817254122,14226189156.03393,0.0010466575622558594,338.7210667966457,-158.52945515334534,0.0011225594313373222,0.973272183221769,0.9733694052073731,0
gene_136,2.058942001137118e-09,4,1.3052997589111328,485165195.4097903,-139.0968881666172,-14.483589421750873,4.327927186346186e-07,SE,225,1.9679163282063408,3.361196936492846e+17,0.0017440319061279297,299.85817794205207,-139.09800257933287,0.0011144127156796912,0.9733693091490757,0.9733694052073731,0
gene_137,0.7980049991311027,4,1.3052997589111328,0.2528533787740525,-161.64658095232014,-4.525967155142782,14.00202413470288,SE,225,3.3848746050256353,130.24520200922947,0.0016171932220458984,344.95756351345796,-162.63957920005674,0.9929982477366082,0.31901067903187386,0.9733694052073731,0
gene_138,3.370715511612772e-07,4,3.6017603784793164,2881675.0872599017,-155.73194142916782,-11.205914136997118,4.36572178666112e-05,SE,225,0.04552611736028126,290129959494.1879,0.0010695457458496094,333.1282844671533,-155.73305755282658,0.0011161236587611256,0.9733488817146418,0.9733694052073731,0
gene_139,2.058942001137118e-09,4,1.3052997589111328,485165195.4097903,-186.1223586501187,-9.867004366909647,2.0130049401009378e-07,SE,225,40.41302863606448,6.902536764342295e+18,0.0010535717010498047,393.9091189090551,-186.12347306477275,0.0011144146540402744,0.9733692859975602,0.9733694052073731,0
gene_140,2.058942001137118e-09,4,1.3052997589111328,485165195.4097903,-164.1067218015378,-9.765271084849335,1.970716620706821e-07,SE,225,0.46085233926764124,7.871348231221851e+16,0.0016090869903564453,349.87784521189326,-164.10783621255996,0.0011144110221721348,0.9733693293761164,0.9733694052073731,0
gene_141,0.17784226700506423,4,2.168265886298247,4.58523375115876,-170.42731858138836,-9.23683298161517,11.626269835568047,SE,225,0.01686740880551116,0.7671317129371463,0.002899646759033203,362.5190387715944,-171.29241873509534,0.865100153706976,0.35231537447852446,0.9733694052073731,0
gene_142,0.01462554170448346,4,27.423566376671246,22.204902761011105,-165.35358468068898,-6.345411105640564,0.26106583384109755,SE,225,0.0010878165547644144,3.9119717728267376,0.0015816688537597656,352.37157097019565,-165.84070312306346,0.48711844237448076,0.4852155247624692,0.9733694052073731,0
gene_143,0.01539465238911986,4,5.9829737238226635,58.820351285924154,-192.63887538351503,-4.0764201275539,0.22013381633678,SE,225,0.005970975442809867,19.441975707629375,0.005316257476806641,406.94215237584774,-192.74947446947874,0.11059908596371315,0.7394631131742208,0.9733694052073731,0
gene_144,2.058942001137118e-09,4,1.3052997589111328,485165195.4097903,-175.9391656421585,-11.66795411752862,2.811843722881499e-07,SE,225,0.5934626651001843,1.0136329798511978e+17,0.0015878677368164062,373.5427328931347,-175.94028005357137,0.0011144114128569527,0.9733693247098248,0.9733694052073731,0
gene_145,2.058942001137118e-09,4,1.3052997589111328,485165195.4097903,-145.62819049418295,-6.650059241581732,9.159136054333577e-08,SE,225,0.8747832264192565,1.494127905029219e+17,0.0021758079528808594,312.9207825971836,-145.62930490610503,0.0011144119220887205,0.9733693186276243,0.9733694052073731,0
gene_146,0.9999545533692937,4,1.3052997589111328,4.5399929762484854e-05,-172.07143871617762,-6.730890640829173,37.12845569364379,SE,225,23.353826840247308,8188654986.31043,0.0010936260223388672,365.80727904117293,-172.70217463177863,0.630735915601008,0.4270855036897563,0.9733694052073731,0
gene_147,0.14258698591999985,4,3.6017603784793164,5.840868655075452,-157.83168201294416,-6.26515961101369,3.064581484899591,SE,225,0.002858257119334461,0.1776787466150417,0.0047719478607177734,337.327765634706,-160.03676796732256,2.2050859543784043,0.1375562264671535,0.6368343817923773,0
gene_148,0.5190332893528311,4,1.3052997589111328,0.9256643907108072,-165.49163727538559,-13.37353270329299,82.95017550890172,SE,225,4.129274845630689,77.52117068632167,0.0010836124420166016,352.64767615958885,-165.90451642719296,0.412879151807374,0.5205117672248936,0.9733694052073731,0
gene_149,2.058942001137118e-09,4,1.3052997589111328,485165195.4097903,-168.52707972291046,-9.72078596755354,1.9530577045257913e-07,SE,225,1.8748508415298606,3.202241281607198e+17,0.001631021499633789,358.7185610546386,-168.52819413558723,0.001114412676770371,0.9733693096138036,0.9733694052073731,0
gene_150,0.013892603377294786,4,9.938466421540705,56.889893512329834,-167.3903762442559,-5.11932327503924,0.2663817200220149,SE,225,0.0019639941510335894,7.8042181552300285,0.004008769989013672,356.44515409732946,-167.64867905174128,0.2583028074853928,0.6112885535216108,0.9733694052073731,0
gene_151,0.0842795394545003,4,3.6017603784793164,10.55377964604823,-157.40103612765904,-4.033185061979769,0.9364155337973843,SE,225,0.004554730536524035,0.6504101751537857,0.005556821823120117,336.46647386413576,-158.22779001326396,0.8267538856049157,0.36321285943098536,0.9733694052073731,0
gene_152,2.058942001137118e-09,4,1.3052997589111328,485165195.4097903,-147.34019801862178,-6.955546308128938,1.0016496135570594e-07,SE,225,0.7846158023601801,1.3401221349795077e+17,0.001611948013305664,316.34479764606124,-147.3413124304112,0.001114411789416181,0.9733693202122484,0.9733694052073731,0
gene_153,2.058942001137118e-09,4,1.3052997589111328,485165195.4097903,-174.16029557641832,-2.4207385943975552,1.2645806430665623e-08,SE,225,1.1270681831497085,1.92503007883176e+17,0.0016591548919677734,369.9849927616543,-174.1614099886239,0.0011144122055668504,0.9733693152417976,0.9733694052073731,0
gene_154,0.011437019367594939,4,9.938466421540705,69.27651437344613,-173.32144226042698,-7.540400127529891,0.5080423750497336,SE,225,0.0013105213794205965,7.606535472845841,0.004197597503662109,368.30728612967164,-173.546792835419,0.22535057499203504,0.6349929452944496,0.9733694052073731,0
gene_155,0.5226205338943832,4,1.3052997589111328,0.912454079376601,-165.54680862651932,-8.496149092692994,33.76522513416327,SE,225,7.94030360098195,149.20823380498672,0.0010738372802734375,352.7580188618563,-165.93276504256937,0.3859564160500497,0.5344325763024419,0.9733694052073731,0
gene_156,2.058942001137118e-09,4,1.3052997589111328,485165195.4097903,-173.88240446050304,-8.730643235626118,1.576757409486268e-07,SE,225,0.9438149075058501,1.612033870675987e+17,0.0016257762908935547,369.42921052982376,-173.8835188725139,0.001114412010849719,0.9733693175674741,0.9733694052073731,0
gene_157,0.024924352641648943,4,5.9829737238226635,35.97905343841926,-165.73657060352582,-1.5146863902294754,0.04913719990134415,SE,225,0.0022133561045634366,2.8584677589170164,0.005797386169433594,353.1375428158693,-166.09540804515484,0.35883744162902076,0.5491526005792012,0.9733694052073731,0
gene_158,0.008764934901394277,4,2.168265886298247,112.16807903895244,-151.9145194068186,-11.379334247576747,1.128055693109823,SE,225,1.4949876140779061,14612.368464455489,0.003987789154052734,325.4934404224549,-151.9181600967776,0.0036406899589849218,0.9518863337262451,0.9733694052073731,0
gene_159,0.0059095820191641096,4,5.9829737238226635,154.70502977260443,-156.64791843215414,-7.537881216879593,0.3289655937371451,SE,225,0.01186397025086613,252.0954487476804,0.004968881607055664,334.96023847312597,-156.67018210748557,0.022263675331430477,0.8813877940072783,0.9733694052073731,0
gene_160,0.005348844292907522,4,5.9829737238226635,171.0197025184865,-161.45159087596824,-6.701602042396341,0.2379914705072106,SE,225,0.026997576441889125,698.6242349556993,0.004517078399658203,344.56758336075416,-161.4637078498345,0.012116973866255876,0.9123482079963879,0.9733694052073731,0
gene_161,0.9999545533692937,4,1.3052997589111328,4.5399929762484854e-05,-187.7410801115622,-7.095387065623997,41.26898189267402,SE,225,511.2494867531306,179261655384.67004,0.0010497570037841797,397.1465618319421,-188.5490986263605,0.8080185147982775,0.3687067265908269,0.9733694052073731,0
gene_162,0.12077952391760113,4,3.6017603784793164,7.070851856920147,-170.74161678459535,-7.145184514745514,3.623847597492122,SE,225,0.0023024800770126545,0.1839098145176955,0.0060389041900634766,363.1476351780084,-172.5974234698554,1.8558066852600632,0.17310955004000073,0.7461618536206928,0
gene_163,2.058942001137118e-09,4,1.3052997589111328,485165195.4097903,-174.1283726102406,-10.686241693305426,2.359423429854747e-07,SE,225,25.631078605341717,4.377782817921147e+18,0.0015933513641357422,369.9211468292989,-174.1294870241051,0.0011144138644851864,0.9733692954278965,0.9733694052073731,0
gene_164,2.058942001137118e-09,4,1.3052997589111328,485165195.4097903,-155.40611917756814,-7.18589344315373,1.0691228048643503e-07,SE,225,233.7834841007651,3.993016975870753e+19,0.0016584396362304688,332.47663996395397,-155.40723359172742,0.0011144141592751566,0.9733692919069656,0.9733694052073731,0
gene_165,2.0589420011371183e-09,4,1.3052997589111328,485165195.4097903,-153.31616888028293,-5.32194794472696,5.8849838358266127e-08,SE,225,0.15456813623435076,2.640020505667732e+16,0.0028328895568847656,328.29673936938354,-153.31728328892052,0.0011144086375907136,0.9733693578572824,0.9733694052073731,0
gene_166,0.040091321203779104,4,3.6017603784793164,23.25663128924774,-171.72790490938542,-6.432523431600966,1.365065992239313,SE,225,0.014216216994265528,7.5434079221543735,0.006047487258911133,365.1202114275885,-171.9100167408158,0.18211183143037601,0.6695646125313781,0.9733694052073731,0
gene_167,0.4862939600621757,4,1.3052997589111328,1.0552358772550579,-180.78549265502184,-3.6259091128244103,5.884771516022854,SE,225,9.94260801668912,186.45311935324327,0.0011243820190429688,383.23538691886137,-180.8438999545287,0.05840729950685386,0.8090312107136645,0.9733694052073731,0
gene_168,2.0589420011371175e-09,4,1.3052997589111328,485165195.4097903,-168.09872038877847,-7.126990055342521,1.0523193964518067e-07,SE,225,5.913950419802518,1.010101483924806e+18,0.0016744136810302734,357.86184238637463,-168.0998348021658,0.0011144133873131068,0.9733693011271752,0.9733694052073731,0
gene_169,0.48317830913812493,4,1.3052997589111328,1.0684816176924912,-157.60174218634796,-6.848152044489091,20.480474750968295,SE,225,3.783684810987455,70.99773162213656,0.0010662078857421875,336.8678859815136,-157.74569211328898,0.14394992694101916,0.7043854034317113,0.9733694052073731,0
gene_170,2.058942001137118e-09,4,1.3052997589111328,485165195.4097903,-158.3322993715724,-7.960976017572007,1.3112303592337473e-07,SE,225,0.2909230522704155,4.9689595946273336e+16,0.0016603469848632812,338.32900035196246,-158.333413781746,0.001114410173613578,0.9733693395111986,0.9733694052073731,0
gene_171,0.006170104984117182,4,5.9829737238226635,148.1340216415334,-168.0429829280272,-7.5575445778755945,0.34388183665420735,SE,225,0.015134251611237102,295.32025383147345,0.0047605037689208984,357.75036746487206,-168.06079825626375,0.01781532823656562,0.8938184673187479,0.9733694052073731,0
gene_172,2.058942001137118e-09,4,1.3052997589111328,485165195.4097903,-150.99713214869007,-10.398753344333095,2.2334282829174332e-07,SE,225,0.5364152020674231,9.161960333550144e+16,0.0016727447509765625,323.6586659061978,-150.99824655995175,0.0011144112616818802,0.9733693265154413,0.9733694052073731,0
gene_173,0.18587600618278144,4,2.168265886298247,4.3441873066414205,-163.90752393804786,-3.7885723858436173,2.0615550613979106,SE,225,0.019746315484881084,0.8464704691555867,0.0029015541076660156,349.4794494849134,-164.6855132451382,0.777989307090337,0.37775678738549845,0.9733694052073731,0
gene_174,0.08871811938257644,4,2.168265886298247,10.18783090901575,-174.26982603284466,-10.97477550368802,9.296208992633241,SE,225,0.026120368246473725,3.4239964253454684,0.007647991180419922,370.204053674507,-174.5357222691277,0.2658962362830266,0.6060979921288369,0.9733694052073731,0
gene_175,0.9999545533692937,4,1.3052997589111328,4.5399929762484854e-05,-181.99203189398116,-1.1231184112028025,1.3241874574650547,SE,225,4.3716111579281085,1532837241.2593281,0.0010614395141601562,385.64846539678,-182.699665165221,0.7076332712398425,0.4002306298734124,0.9733694052073731,0
gene_176,0.09472517151634335,4,3.6017603784793164,9.28287072551397,-169.6977306466103,-11.312536533954217,7.793970190723564,SE,225,0.00267328494136782,0.3145439636485732,0.006898641586303711,361.0598629020383,-170.917232152952,1.2195015063417145,0.2694585037785028,0.9733694052073731,0
gene_177,0.049264599139610184,4,3.6017603784793164,18.74528163951873,-176.02587513974464,-5.343101461788587,1.111086990665681,SE,225,0.005948996833473074,2.16835643781278,0.00477290153503418,373.71615188830697,-176.48890415790032,0.4630290181556802,0.4962117495700783,0.9733694052073731,0
gene_178,2.058942001137118e-09,4,1.3052997589111328,485165195.4097903,-169.55422645630097,-2.6370322765338177,1.4877868336696434e-08,SE,225,18.033090930395336,3.080048126130816e+18,0.0015900135040283203,360.7728545214196,-169.5553408700806,0.0011144137796463838,0.9733692964411996,0.9733694052073731,0
gene_179,1.8955955119079496e-09,4,5.9829737238226635,485165195.4097903,-166.01332984852934,-3.7172235528031727,2.900835942660015e-08,SE,225,1.0873000486462756,2.1909558166643363e+17,0.0010554790496826172,353.69106130587636,-166.01444426086795,0.0011144123386088722,0.9733693136527607,0.9733694052073731,0
gene_180,0.05914228527983244,4,5.9829737238226635,14.630567063042207,-153.6920425208226,-5.075708437205188,0.8079846688094923,SE,225,0.0021397127895061,0.5626757652878388,0.0058002471923828125,329.0484866504629,-154.92700610026327,1.2349635794406595,0.2664439072530548,0.9733694052073731,0
gene_181,0.005526991926955512,4,5.9829737238226635,165.477701723093,-183.36333423174926,-8.922565603124536,0.43375636004355367,SE,225,0.018419461384985975,446.7441750405555,0.005074977874755859,388.3910700723162,-183.38229391403308,0.018959682283821166,0.890482133399174,0.9733694052073731,0
gene_182,0.04518487591945475,4,5.9829737238226635,19.43396902416815,-167.83330859711305,-5.927781879140887,0.9505852222162161,SE,225,0.001306820572445354,0.5571143623561786,0.006030559539794922,357.3310188030438,-169.01682482581222,1.183516228699176,0.27664132211849735,0.9733694052073731,0
gene_183,2.058942001137118e-09,4,1.3052997589111328,485165195.4097903,-168.18708593760994,-10.651459334004558,2.3438342068257565e-07,SE,225,13.503153071935305,2.30633569567212e+18,0.001592397689819336,358.03857348403756,-168.1882003513081,0.0011144136981613428,0.9733692974144459,0.9733694052073731,0
gene_184,2.058942001137118e-09,4,1.3052997589111328,485165195.4097903,-184.3668867637507,-8.560613779240262,1.516711960464936e-07,SE,225,1292.5545589179628,2.2076804594861746e+20,0.0016143321990966797,390.3981751363191,-184.36800117811617,0.0011144143654746586,0.9733692894441475,0.9733694052073731,0
gene_185,0.007476864066366769,4,5.9829737238226635,122.08335752982674,-183.45624093733693,-8.128242351534412,0.4714793268442267,SE,225,0.02909930131897759,388.78628868050737,0.004455089569091797,388.57688348349154,-183.4843527926847,0.02811185534775973,0.8668461211116258,0.9733694052073731,0
gene_186,0.5079380857128843,4,1.3052997589111328,0.9677044227706696,-195.92299660224344,-8.443693353557823,32.55175697609638,SE,225,2.2032889366784696,41.285681937480284,0.0010631084442138672,413.5103948133046,-196.36150028754963,0.43850368530618766,0.5078455482620104,0.9733694052073731,0
gene_187,0.09327925569840492,4,5.9829737238226635,8.939717403720682,-166.28773313407504,-9.891040289974429,3.7266923653081148,SE,225,0.001666812771707051,0.20113307548741247,0.005274295806884766,354.23986787696776,-168.8786793872785,2.5909462532034695,0.10747610928722806,0.5167120638809041,0
gene_188,0.03285951718476097,4,5.9829737238226635,27.068469160322202,-180.00121657344084,-12.342405680681399,3.3732524876033163,SE,225,0.003322633479143074,2.5493682519045326,0.005904436111450195,381.66683475569937,-180.42890798839096,0.4276914149501181,0.5131239153586766,0.9733694052073731,0
gene_189,2.058942001137118e-09,4,1.3052997589111328,485165195.4097903,-176.67778922627213,-7.175061746518967,1.0669164225634588e-07,SE,225,0.34347590965260383,5.866561289908536e+16,0.002165079116821289,375.01998006136193,-176.67890363677515,0.0011144105030211904,0.973369335576793,0.9733694052073731,0
gene_190,2.0589420011371183e-09,4,1.3052997589111328,485165195.4097903,-174.45830657435818,-5.599824402705695,6.520272619052737e-08,SE,225,9.819671122313602,1.6771977558502682e+18,0.0016028881072998047,370.58101475753404,-174.45942098795058,0.001114413592404162,0.9733692986775953,0.9733694052073731,0
gene_191,2.0589420011371183e-09,4,1.3052997589111328,485165195.4097903,-164.17569497039221,-10.70123384015415,2.3655520477579418e-07,SE,225,0.38548782908737117,6.584123987449798e+16,0.0016412734985351562,350.0157915496021,-164.1768093811089,0.0011144107166956019,0.9733693330246913,0.9733694052073731,0
gene_192,2.058942001137118e-09,4,1.3052997589111328,485165195.4097903,-172.5746434743087,-9.634696177385258,1.9189102480547247e-07,SE,225,0.23322053029001985,3.983401736660919e+16,0.0016121864318847656,366.81368855743506,-172.57575788400084,0.0011144096921498203,0.9733693452617461,0.9733694052073731,0
gene_193,0.01414217404106978,4,5.9829737238226635,64.11112848068366,-146.553790772213,-6.8675032136567395,0.5734873255503341,SE,225,0.005982286695390782,22.963425588369905,0.00445866584777832,314.7719831532437,-146.66528966536978,0.11149889315677797,0.7384440779415535,0.9733694052073731,0
gene_194,0.9999545533692937,4,1.3052997589111328,4.5399929762484854e-05,-177.666300548807,-4.929323424025915,20.05343216653385,SE,225,4.996699536447945,1752014727.7839537,0.0011954307556152344,376.99700270643166,-178.49154143595098,0.8252408871439911,0.363652296048361,0.9733694052073731,0
gene_195,0.028508258276211736,4,2.168265886298247,33.79945898718182,-160.30674625045242,-9.521765656905362,2.4828924529689465,SE,225,0.12936452497218173,129.57302543498798,0.00404810905456543,342.2778941097225,-160.33347037665294,0.026724126200520004,0.87014433367768,0.9733694052073731,0
gene_196,0.9999545533692936,4,1.3052997589111328,4.5399929762484854e-05,-174.10769298989908,-0.9842781488174333,1.0659914854894483,SE,225,0.4851230489303216,170100827.61866835,0.0016183853149414062,369.87978758861584,-176.22762193524346,2.119928945344384,0.14539328932093887,0.6522341238178647,0
gene_197,2.1456739589629276e-06,4,5.9829737238226635,428618.2397504898,-184.5629736147921,-13.638714672181065,0.0004346718856166413,SE,225,0.0603862375203944,9497076805.972958,0.0010361671447753906,390.7903488384019,-184.5640974862138,0.0011238714216972312,0.9732565745734543,0.9733694052073731,0
gene_198,0.48507460242841627,4,1.3052997589111328,1.0603995349136632,-143.7669656871894,-9.214487174641091,37.1035972700798,SE,225,9.259513706099565,173.68127677484173,0.0010793209075927734,309.1983329831965,-143.82738991554308,0.060424228353667786,0.8058266824225484,0.9733694052073731,0
gene_199,0.5333125563199356,4,1.3052997589111328,0.8741340939828394,-167.39202020881172,-10.761086389485664,55.07535376293581,SE,225,3.1576905965042315,59.56152198102704,0.0011057853698730469,356.4484420264411,-167.97595055888115,0.583930350069437,0.44477585972971945,0.9733694052073731,0
gene_200,2.058942001137118e-09,4,1.3052997589111328,485165195.4097903,-170.7595978412064,-3.9998886423943874,3.352722089900997e-08,SE,225,110594.19944741814,1.888946593147858e+22,0.0016415119171142578,363.1835972912305,-170.760712255504,0.0011144142975751947,0.9733692902551292,0.9733694052073731,0
gene_201,0.034630875418065456,4,2.168265886298247,27.648479642357646,-160.67420514898288,-7.0538107086275055,1.641705017545937,SE,225,0.1287221371086403,89.55630565439267,0.004754304885864258,343.01281190678344,-160.71457593128673,0.04037078230385305,0.8407573618262667,0.9733694052073731,0
gene_202,0.000959030359505706,4,9.938466421540705,834.9211921352095,-180.12561291176632,-8.310274029052417,0.07880873629125038,SE,225,0.09307698495113163,73568.17601611177,0.003663778305053711,381.91562743235033,-180.12818605687144,0.0025731451051171916,0.9595437167010391,0.9733694052073731,0
gene_203,2.058942001137118e-09,4,1.3052997589111328,485165195.4097903,-157.47071796272667,-9.071271342585169,1.7009738914472558e-07,SE,225,49152.977532185854,8.395318191768258e+21,0.0016689300537109375,336.605837534271,-157.47183237704124,0.001114414314571377,0.9733692900521292,0.9733694052073731,0
gene_204,0.18320886857319638,4,2.168265886298247,4.421868684222917,-181.34713906124753,-2.1139604165331702,0.6748689882411599,SE,225,0.010427339262760153,0.45566691236221757,0.0040073394775390625,384.35867973131275,-182.34746495117201,1.0003258899244827,0.31723166488883914,0.9733694052073731,0
gene_205,2.058942001137118e-09,4,1.3052997589111328,485165195.4097903,-174.45712862521623,-8.057584679818278,1.343887165965805e-07,SE,225,0.13137726103532515,2.24392084656993e+16,0.0022401809692382812,370.57865885925014,-174.45824303337378,0.0011144081575480413,0.9733693635908605,0.9733694052073731,0
gene_206,0.4797213661175504,4,1.3052997589111328,1.0833796695569473,-159.88461205321596,-6.012113719840503,15.711871823273833,SE,225,4.396348833311146,82.56057291610335,0.001077413558959961,341.4336257152496,-159.9850087954432,0.1003967422272467,0.7513540463721504,0.9733694052073731,0
gene_207,2.058942001137118e-09,4,1.3052997589111328,485165195.4097903,-137.2031505843952,-9.940927597161632,2.0409600456959968e-07,SE,225,0.5010524777342358,8.557965748053278e+16,0.0016334056854248047,296.07070277760806,-137.20426499555188,0.0011144111566920856,0.9733693277694265,0.9733694052073731,0
gene_208,0.05553711763017877,4,5.9829737238226635,15.640004338861134,-150.29353268735895,-6.7700776752633764,1.3801863826065524,SE,225,0.001975653315768874,0.5808672748344382,0.005506038665771484,322.2514669835356,-151.4958015204173,1.2022688330583549,0.27286868279243837,0.9733694052073731,0
gene_209,0.08776371476740955,4,3.6017603784793164,10.096238552167062,-165.00878116355432,-3.871376835126713,0.8894172239579085,SE,225,0.0033394546505549055,0.4456902016912499,0.006059408187866211,351.6819639359263,-166.06699834626042,1.0582171827061018,0.3036221566716927,0.9733694052073731,0
gene_210,0.1012092685588873,4,3.6017603784793164,8.625922600583554,-177.84076458125236,-5.7360611873228375,2.111491422979428,SE,225,0.0032410649165754814,0.34240946498197994,0.005805015563964844,377.3459307713224,-179.38843378116906,1.5476691999166974,0.21347986018747533,0.9023061842845456,0
gene_211,0.5077228705683314,4,1.3052997589111328,0.9685380445957829,-172.79761177537017,-5.12135300889152,12.04648037097003,SE,225,4.299275397838173,80.5589991558382,0.0010499954223632812,367.259625159558,-173.11666590787382,0.319054132503652,0.5721766318551962,0.9733694052073731,0
gene_212,2.058942001137118e-09,4,1.3052997589111328,485165195.4097903,-153.98637164414777,-5.973250851415569,7.401572979429112e-08,SE,225,49.80003211613931,8.50583497818622e+18,0.0010454654693603516,329.6371448971132,-153.9874860587674,0.0011144146196215843,0.9733692864086523,0.9733694052073731,0
gene_213,0.9999545533692937,4,1.3052997589111328,4.5399929762484854e-05,-161.3337428825389,-4.091536565619989,13.866595751330046,SE,225,117.48598606695779,41194627853.05998,0.0015981197357177734,344.3318873738955,-162.60226835649513,1.268525473956231,0.26004348232440033,0.9733694052073731,0
gene_214,0.010980641429463197,4,5.9829737238226635,82.83471703495522,-170.4481599524172,-6.348484957626821,0.40019252192952104,SE,225,0.007884186848242086,49.551087071241724,0.005528926849365234,362.5607215136521,-170.51255492152663,0.06439496910942921,0.7996797116409777,0.9733694052073731,0
gene_215,0.47735513723732853,4,1.3052997589111328,1.0937015741422618,-170.5395486679892,-5.797235395503005,14.563521403227693,SE,225,2.9086558301134486,54.65765989174602,0.0010519027709960938,362.7434989447961,-170.68624118636885,0.1466925183796377,0.7017163584437262,0.9733694052073731,0
gene_216,0.024351966765151455,4,2.168265886298247,39.73749180393477,-170.90922058474166,-10.603919582437436,2.648685659854813,SE,225,0.559432922341993,755.0916249919288,0.002393960952758789,363.482842778301,-170.922374855856,0.013154271114331095,0.9086891990038529,0.9733694052073731,0
gene_217,2.058942001137118e-09,4,1.3052997589111328,485165195.4097903,-172.76797623311904,-10.623044062271587,2.3315977572484184e-07,SE,225,0.14471820422193532,2.471783874718236e+16,0.0021429061889648438,367.20035407505577,-172.76909064156794,0.0011144084488989847,0.973369360110996,0.9733694052073731,0
gene_218,0.480593513437826,4,1.3052997589111328,1.0796008458079895,-167.65616050533401,-9.478395220317008,38.95072228708493,SE,225,8.392782238364108,157.57661078540067,0.0010478496551513672,356.9767226194857,-167.6900564197354,0.033895914401398386,0.8539283924799522,0.9733694052073731,0
gene_219,2.058942001137118e-09,4,1.3052997589111328,485165195.4097903,-168.5888908604611,-11.613006767797618,2.7851122411457525e-07,SE,225,0.06028015085948998,1.029583704836255e+16,0.0021359920501708984,358.8421833297399,-168.59000526569235,0.0011144052312488384,0.9733693985422904,0.9733694052073731,0
gene_220,2.058942001137118e-09,4,1.3052997589111328,485165195.4097903,-137.75748993768775,-6.739695190603336,9.403540792267908e-08,SE,225,0.43765931589265333,7.475211881323941e+16,0.0015995502471923828,297.1793814841932,-137.75860434862383,0.001114410936082777,0.9733693304043574,0.9733694052073731,0
gene_221,0.4664135834432239,4,1.3052997589111328,1.142792357369757,-165.13139451910016,-5.484517404430513,12.771851555256347,SE,225,2.7815390327361844,52.47249381536469,0.0010516643524169922,351.927190647018,-165.18596920355537,0.0545746844552184,0.8152860149136227,0.9733694052073731,0
gene_222,0.13662072202230222,4,3.6017603784793164,6.138359258095324,-146.516148733517,-9.025134928916174,6.171373996210629,SE,225,0.00179558838312309,0.11892017467678076,0.006284475326538086,314.6966990758517,-149.24957528842543,2.7334265549084193,0.09826824414106239,0.4817070791228548,0
gene_223,0.0871608325182087,4,2.168265886298247,10.387576059322974,-174.98182183726402,-7.4619566793723555,4.245506605448031,SE,225,0.04786689281698882,6.462109830161371,0.004774808883666992,371.6280452833457,-175.17165554488903,0.18983370762501295,0.6630550572447172,0.9733694052073731,0
gene_224,0.48327143053375166,4,1.3052997589111328,1.0680832494801749,-177.39598908283122,-10.62826087476719,49.19922545588352,SE,225,3.554691521975279,66.6995481255433,0.0010764598846435547,376.4563797744801,-177.55173663880282,0.15574755597160106,0.6931022051442927,0.9733694052073731,0
gene_225,0.9999545533692937,4,1.3052997589111328,4.5399929762484854e-05,-164.54853408766695,-5.427767349293224,24.22150775978011,SE,225,0.502109780044783,176056959.83600336,0.0016150474548339844,350.7614697841516,-167.06773565235372,2.5192015646867674,0.11246751706737357,0.5305071559781772,0
gene_226,0.06282250850892292,4,3.6017603784793164,14.490181774217158,-161.72914879389583,-8.725027602283424,3.5172292506217864,SE,225,0.005090625676881752,1.2036876696601124,0.005486249923706055,345.12269919660935,-162.28500077615243,0.5558519822565984,0.45593638681808124,0.9733694052073731,0
gene_227,0.09600159188106465,4,2.168265886298247,9.339648925321331,-176.8405656894625,-4.989420356816736,2.0777724661291055,SE,225,0.032487405080336255,3.739742152335522,0.004222869873046875,375.3455329877427,-177.0951264935184,0.25456080405589887,0.6138818268301311,0.9733694052073731,0
gene_228,0.0876634456647202,4,2.168265886298247,10.32233285875276,-143.72487450456936,-7.854354894077343,4.718602952379181,SE,225,0.045701809538344434,6.1110610504275655,0.004221916198730469,309.1141506179564,-143.92662828706622,0.2017537824968656,0.6533089518901788,0.9733694052073731,0
gene_229,2.058942001137118e-09,4,1.3052997589111328,485165195.4097903,-168.2364427751536,-10.572990573571312,2.3095089561055538e-07,SE,225,1.1031687317047447,1.884209866188934e+17,0.0021507740020751953,358.13728715912487,-168.2375571873353,0.0011144121817210362,0.9733693155266089,0.9733694052073731,0
gene_230,0.1551512370982643,4,2.168265886298247,5.400886492109899,-157.08837480766107,-4.747492246881165,2.789456522191966,SE,225,0.025345535685317073,1.3938777271106555,0.0029020309448242188,335.8411512241398,-157.68549637605705,0.597121568395977,0.43967839041209744,0.9733694052073731,0
gene_231,0.04400776488801101,4,3.6017603784793164,21.100478841936138,-164.58187027969745,-3.462798734973677,0.43376067896820647,SE,225,0.00901544297354478,4.03279500131397,0.0049762725830078125,350.8281421682126,-164.86423377238413,0.28236349268667027,0.5951562679335968,0.9733694052073731,0
gene_232,2.058942001137118e-09,4,1.3052997589111328,485165195.4097903,-170.6928238407154,-7.290612859534504,1.1010684463248706e-07,SE,225,2.1286329865451314,3.6357006498413094e+17,0.0016090869903564453,363.05004929024847,-170.69393825349258,0.0011144127771842705,0.9733693084144731,0.9733694052073731,0
gene_233,2.0589420011371183e-09,4,1.3052997589111328,485165195.4097903,-154.112230968095,-3.3153742485850204,2.3130460418207222e-08,SE,225,0.9507457812939327,1.6238717884826634e+17,0.0018754005432128906,329.88886354500767,-154.11334538011366,0.0011144120186656892,0.9733693174741213,0.9733694052073731,0
gene_234,2.058942001137118e-09,4,1.3052997589111328,485165195.4097903,-167.65995644737086,-4.179729381805501,3.654427349419516e-08,SE,225,1.1101701816896017,1.8961683279907917e+17,0.001600027084350586,356.9843145035594,-167.66107085956014,0.0011144121892812109,0.9733693154363111,0.9733694052073731,0
gene_235,0.07158157616272195,4,3.6017603784793164,12.59823633453969,-175.9114099393721,-4.533723156957844,1.057096200494889,SE,225,0.004257122147203768,0.8023060639793743,0.006058454513549805,373.4872214875619,-176.62819017027437,0.7167802309022591,0.39720208693303116,0.9733694052073731,0
gene_236,2.0589420011371183e-09,4,1.3052997589111328,485165195.4097903,-170.74309440672096,-5.123927658106057,5.466535360139783e-08,SE,225,0.2736274174885931,4.673550517472378e+16,0.0015964508056640625,363.1505904222596,-170.74420881676608,0.0011144100451190297,0.9733693410459225,0.9733694052073731,0
gene_237,0.9999545533692937,4,1.3052997589111328,4.5399929762484854e-05,-164.58207245683997,-5.697976409278824,26.66719292147941,SE,225,1.7946044116560955,629250035.3148445,0.0015993118286132812,350.8285465224976,-166.52182019909412,1.9397477422541556,0.16369592647103204,0.7179645897852283,0
gene_238,2.058942001137118e-09,4,1.3052997589111328,485165195.4097903,-156.0462657287153,-8.103314068915257,1.3582606967894971e-07,SE,225,10.92246250474097,1.865554291292202e+18,0.0016150474548339844,333.7569330662483,-156.04738014234556,0.001114413630261879,0.9733692982254278,0.9733694052073731,0
gene_239,0.020622556065412724,4,9.938466421540705,38.06292385726576,-166.22698641458481,-6.736783273004915,0.5705611098306421,SE,225,0.002116819816834713,3.9239451276883655,0.004200935363769531,354.1183744379873,-166.62487233155218,0.3978859169673683,0.52818308186359,0.9733694052073731,0
gene_240,0.0842319842602059,4,2.168265886298247,10.783252134120758,-174.90420718393915,-7.804830669084873,4.506773332525327,SE,225,0.02875609607448388,4.110222024311056,0.005011796951293945,371.472815976696,-175.14382586821057,0.23961868427142008,0.6244816567876981,0.9733694052073731,0
gene_241,0.003924230401873795,4,9.938466421540705,203.43816000360252,-169.37152266528278,-4.048476311278235,0.06734630385986523,SE,225,0.005665280675375497,270.7591418304368,0.0026340484619140625,360.40744693938325,-169.40498364932583,0.03346098404304598,0.8548580925819053,0.9733694052073731,0
gene_242,0.2854809837088996,4,2.168265886298247,2.482435237884936,-162.09303626608755,-6.758629675873789,8.777200954144874,SE,225,0.010725914676968176,0.2785193309545186,0.0017359256744384766,345.8504741409928,-164.20553649895913,2.1125002328715823,0.1461004437352017,0.6522341238178647,0
gene_243,2.058942001137118e-09,4,1.3052997589111328,485165195.4097903,-165.46910493586938,-5.627920735288049,6.580923797991851e-08,SE,225,0.46762905153395984,7.987094333749515e+16,0.0016024112701416016,352.60261148055645,-165.47021934691617,0.0011144110467853352,0.9733693290821394,0.9733694052073731,0
gene_244,0.006793885707201596,4,5.9829737238226635,134.44865395880382,-178.89417383845444,-5.967106119905116,0.23447773899360252,SE,225,0.040941085540504796,660.6363148589135,0.0052258968353271484,379.45274928572655,-178.92209460878115,0.027920770326716138,0.8672952264314544,0.9733694052073731,0
gene_245,0.4984770757485654,4,1.3052997589111328,1.0050307520960267,-191.23612578644205,-10.9835358362168,54.03629848272669,SE,225,8.67036491270936,162.40504590668021,0.001055002212524414,404.1366531817018,-191.41683112007436,0.1807053336323179,0.6707677874158791,0.9733694052073731,0
gene_246,2.058942001137118e-09,4,1.3052997589111328,485165195.4097903,-181.81005125898173,-15.55157346780775,4.991003927026626e-07,SE,225,1.7598149006051764,3.0057601372208205e+17,0.0016050338745117188,385.28450412678114,-181.81116567160723,0.0011144126254976072,0.9733693102261988,0.9733694052073731,0
gene_247,0.01331003251835261,4,9.938466421540705,59.41500492475552,-157.23275617116713,-4.205535626348305,0.17619709468838812,SE,225,0.001384859630981601,5.980865452303862,0.0039348602294921875,336.12991395115193,-157.5435744098672,0.3108182387000795,0.5771785149383034,0.9733694052073731,0
gene_248,2.0589420011371183e-09,4,1.3052997589111328,485165195.4097903,-174.6939769266928,-2.144068451404495,1.0045379596942481e-08,SE,225,0.05350610724798461,9138831828764954.0,0.002144336700439453,371.0523554622033,-174.69509133136603,0.0011144046732169954,0.9733694052073731,0.9733694052073731,0
gene_249,2.0589420011371183e-09,4,1.3052997589111328,485165195.4097903,-182.68434116792105,-5.177455046284445,5.5863534705659714e-08,SE,225,0.16627151438641852,2.839913957576844e+16,0.0021514892578125,387.0330839446598,-182.6854555767625,0.0011144088414596354,0.9733693554222943,0.9733694052073731,0
